Carimbo de data/hora,DATA,HORÁRIO,TIPO DE EVENTO,Tipo de Culto,QUEM MINISTROU:,TÍTULO DA MENSAGEM,O CULTO FOI DE UMA SÉRIE?,"SE FOR SÉRIE, QUAL NOME?",QUANTIDADE DE HOMENS,QUANTIDADE DE MULHERES,QUANTIDADE DE CRIANÇAS,QUANTIDADE DE BEBÊS,QUANTIDADE DE VOLUNTÁRIOS,COMENTÁRIOS ADICIONAIS
05/01/2025 11:33:43,05/01/2025,10:30:00,Culto,Culto de Celebração,Pastor CLODOILSON ,Deus o Nosso Pastor,SIM,Favor de Deus,32,62,11,5,24,Culto de Santa Ceia
05/01/2025 18:13:13,05/01/2025,17:00:00,Culto,Culto de Celebração,Pastor clodoilson,O favor de Deus (Deus nosso pastor),SIM,O ano do favor de Deus,35,57,38,8,25,Teens 22
05/01/2025 19:57:59,05/01/2025,07:00:00,Culto,Culto de Celebração,Pastor Clodoilson,Favor de Deus (Deus nosso pastor),SIM,O ano do favor de Deus,30,52,19,5,26,
08/01/2025 19:44:46,08/01/2025,07:00:00,Culto,Culto de Quarta,Pastor clodoilson,O milagre da provisao ,SIM,Os milagres de Jesus,16,29,11,3,22,
12/01/2025 11:21:25,12/01/2025,10:30:00,Culto,Outros,Pastor clodoilson,Tudo o que é meu é seu,SIM,O favor de Deus,28,37,15,2,21,"Total de 86 adultos 
15 crianças "
12/01/2025 17:50:51,12/01/2025,17:00:00,Culto,Culto de Celebração,Pr. Clodoilson ,Tudo que é meu é teu,NÃO,Não ,25,49,14,8,19,"Relavanteen 26 pessoas 
4 voluntários 
Ministro Leo Barbosa 
Tema: Aprendendo a Caminhar "
12/01/2025 19:53:49,12/01/2025,19:00:00,Culto,Culto de Celebração,Pr. Clodoilson ,Tudo que é meu é teu,SIM,Favor de Deus,32,43,17,5,19,
15/01/2025 19:57:35,15/01/2025,19:00:00,Culto,Culto de Quarta,Pastora Ana Lucia,A pesca maravilhosa,NÃO,,20,41,10,6,18,
19/01/2025 11:29:50,19/01/2025,10:30:00,Culto,Culto de Celebração,Pastora Ana,Tu sempre estas comigo,SIM,2025 o ano do favor de Deus,31,62,24,3,22,
19/01/2025 17:53:46,19/01/2025,17:00:00,Culto,Culto de Celebração,Pra Ana Lúcia ,Tu sempre Estas Comigo ,SIM,Favor de Deus,22,41,12,3,21,
19/01/2025 19:55:35,19/01/2025,07:00:00,Culto,Culto de Celebração,Pra Ana Lúcia ,Tú Sempre Estas Comigo ,SIM,Favor de Deus,26,40,15,6,21,19 horas
22/01/2025 19:50:22,22/01/2025,19:00:00,Culto,Culto de Quarta,Pr Clodoilson,Jesus Acalma a Tempestade ,SIM,Os Milagres de Jesus,24,30,22,4,20,
26/01/2025 11:22:39,26/01/2025,10:30:00,Culto,Culto de Celebração,Pr Clodoilson ,A suprema riqueza da sua graça ,SIM,Favor de Deus,35,60,22,5,20,
26/01/2025 17:57:44,26/01/2025,17:00:00,Culto,Culto de Celebração,Pastor clodoilson,Suprema riwueza sua graça ,SIM,Favor de Deus,18,46,17,3,21,
26/01/2025 20:03:56,26/01/2025,19:00:00,Culto,Culto de Celebração,Pastor clodoilson ,A suprema riqueza da  sua graça ,SIM,O favor de Deus ,25,32,12,3,20,
29/01/2025 19:57:21,29/01/2025,19:00:00,Culto,Culto de Celebração,Pastora ana lucia ,A cura pra vc ,SIM,Milagre de jesus,17,28,14,2,18,
02/02/2025 11:28:30,02/02/2025,10:30:00,Culto,Culto de Celebração,Pastor clodoilson ,Tudo sobre o coração ,SIM,Uma vida abencoada,45,81,36,5,25,Total de adultos e pastores =151
02/02/2025 17:50:57,02/02/2025,17:00:00,Culto,Culto de Celebração,PR. CLODOILSON,É tudo sobre o coração ,SIM,Uma vida abençoada ,38,80,20,9,23,"Relevanteen: 
tema: aprendendo a continuar
Ministro: Leonardo Barbosa
Voluntários: 5
Teens: 25"
02/02/2025 19:53:59,02/02/2025,17:00:00,Culto,Culto de Celebração,PR. CLODOILSON ,É tudo sobre o coração ,SIM,Uma vida abençoada ,37,45,15,11,23,
05/02/2025 20:05:27,05/02/2025,19:00:00,Culto,Culto de Quarta,Pr. Clodoilson Pires ,Seja Produtivo ,SIM,Os Milagres de Jesus,25,41,14,6,17,
09/02/2025 11:40:25,09/02/2025,10:30:00,Culto,Culto de Celebração,Pr Clodoilson ,A Prova,SIM,Uma Vida Abençoada ,48,71,30,9,22,
09/02/2025 18:04:28,09/02/2025,05:00:00,Culto,Culto de Celebração,Pastor Clodoilsom ,A prova,SIM,Uma vida mais que abençoada,31,49,20,4,17,"Relevanteen 
26 jovens 
8 Voluntários
Ministração pastor Felipe "
09/02/2025 19:53:28,09/02/2025,07:00:00,Culto,Culto de Celebração,Pastor Clodoilson,A prova,SIM,Uma Vida Abençoada,26,41,10,7,24,
12/02/2025 19:41:45,12/02/2025,19:00:00,Culto,Culto de Celebração,Prª Ana Lucia ,O Milagre da Ressurreição ,SIM,Os Milagres de Jesus ,30,38,13,3,21,
16/02/2025 11:24:12,16/02/2025,10:30:00,Culto,Culto de Celebração,Pastora Ana Lucia,O Princípio do Primeiro ,SIM,Uma Vida Mais que Abençoada ,45,91,35,10,22,
16/02/2025 17:56:33,16/02/2025,17:00:00,Culto,Culto de Celebração,Pastora ana lucia,Pricipio do primiero,SIM,Uma vida mais qu abencoada,32,60,22,03,20,
16/02/2025 19:58:49,16/02/2025,19:00:00,Culto,Culto de Celebração,Pastora Ana lucia,Principio do primeiro ,SIM,Uma vida abencoada,32,43,27,5,24,
19/02/2025 20:02:26,19/02/2025,19:00:00,Culto,Culto de Quarta,Pr Clodoilson ,O Milagre do Novo Nascimento,SIM,Os Milagres de Jesus,24,40,17,9,23,
23/02/2025 11:37:44,23/02/2025,10:30:00,Culto,Culto de Celebração,Pastor Waldomiro ,Como quebrar a influencia de mamom,SIM,Uma vida abençoada,36,64,24,5,20,
23/02/2025 18:11:19,23/02/2025,17:00:00,Culto,Culto de Celebração,Pra. Janister ,Como Quebrar a Influência de Mamom,SIM,Uma Vida Abençoada ,33,63,17,3,24,
23/02/2025 19:55:27,23/02/2025,19:00:00,Culto,Culto de Celebração,Pr Vagno,Como Derrotar o Espírito de Mamom,SIM,Uma Vida Abençoada ,30,51,17,4,27,
26/02/2025 19:51:07,26/02/2025,19:00:00,Culto,Culto de Quarta,Pastora ana lucia,Seja patagonista do seu milagre,SIM,Os milagre de jesus,20,27,20,3,23,Total de adultos 70
02/03/2025 11:56:09,02/03/2025,10:30:00,Culto,Culto de Celebração,Pastor clodoilson,Eu sou generoso?,SIM,Uma vida abençoada,36,69,17,8,31,
02/03/2025 18:08:23,02/03/2025,17:00:00,Culto,Culto de Celebração,Pr Clodoilson ,Eu Sou Generoso ?,SIM,Uma Vida Abençoada ,38,87,18,8,25,
02/03/2025 20:15:16,02/03/2025,19:00:00,Culto,Culto de Celebração,Pr Clodoilson ,Eu Sou Generoso?,SIM,Uma Vida Abençoada ,21,44,18,7,26,
05/03/2025 19:50:40,05/03/2025,07:00:00,Culto,Culto de Quarta,Pastora janister,Vencendo desafios,SIM,Vencendo desafios,23,38,22,8,19,
09/03/2025 11:31:04,09/03/2025,10:30:00,Culto,Culto de Celebração,Pastora ana lucia,Deus revompensaa boa mordomia,SIM,Uma vida abencoada,44,62,33,4,21,Total de adultos e pastores =127
09/03/2025 17:53:36,09/03/2025,17:00:00,Culto,Culto de Celebração,Pastora Ana,Deus Recompensa a Boa Mordomia,SIM,Uma vida abençoada ,37,59,18,8,19,"Culto Relevanteen 
Tema: Deus quer você batizado 
Ministro: Ezequiel
Voluntários: 3
Teens:15"
09/03/2025 19:50:12,09/03/2025,19:00:00,Culto,Culto de Celebração,Pastora Ana,Deus Recompensa a boa Mordomia ,SIM,Uma vida mais que abençoado ,21,36,18,8,20,
12/03/2025 19:47:30,12/03/2025,19:00:00,Culto,Culto de Celebração,Pr Valdomiro,Vencendo Desafios,SIM,Vencendo Desafios ,22,30,10,5,15,
16/03/2025 11:38:47,16/03/2025,10:30:00,Culto,Culto de Celebração,Pra Janister ,O Princípio da Multiplicação ,SIM,Uma Vida Abençoada ,34,51,21,8,24,
16/03/2025 18:00:59,16/03/2025,17:00:00,Culto,Culto de Celebração,Pastora Ana Janete,O Princípio da Multiplicação ,SIM,Uma Vida Abençoada ,27,44,19,6,20,Teen 19 - Voluntários Teen 5
16/03/2025 19:52:32,16/03/2025,07:00:00,Culto,Culto de Celebração,Pastor carlos canto ,O principio da multiplicação ,SIM,Uma vida abençoada ,23,37,18,8,23,
19/03/2025 19:59:09,19/03/2025,19:00:00,Culto,Culto de Quarta,Pr Clodoilson ,Blindando a Mente contra os Ataques do Inimigo ,SIM,Vencendo Desafios,32,34,21,6,19,
23/03/2025 11:28:35,23/03/2025,10:30:00,Culto,Culto de Celebração,Bispo Clodoilson ,O grande lucro ,SIM,Uma vida abençoada ,48,72,25,15,20,
23/03/2025 17:53:33,23/03/2025,17:00:00,Culto,Culto de Celebração,Bispo Clodoilson ,O grande lucro,SIM,Uma vida abencoada,30,48,11,2,19,Total entre adultos e pastores:97
23/03/2025 19:51:15,23/03/2025,19:00:00,Culto,Culto de Celebração,Bispo Clodoilson ,O grande Lucro,SIM,Uma vida abencoada,33,45,28,07,19,Total entre adultos e pastores
26/03/2025 19:52:40,26/03/2025,19:00:00,Culto,Culto de Celebração,Pastora Ana Lucia,Blindando a mente contra os ataques do inimigos parte 2,SIM,Vencendo desafios,21,24,10,3,19,Entre adultos e pastores =64
30/03/2025 11:47:41,30/03/2025,10:30:00,Culto,Culto de Celebração,Pra Janister,Tudo pela oração,SIM,Uma vida abençoada ,35,61,18,7,23,
30/03/2025 18:15:55,30/03/2025,17:00:00,Culto,Culto de Celebração,Pastora Carlos cantos ,Tudo pela oração ,SIM,Uma vida abençoada ,18,60,13,7,25,
30/03/2025 19:54:42,30/03/2025,19:00:00,Culto,Culto de Celebração,Pastor Waldomiro ,Tudo pela oração ,SIM,Uma vida abençoada ,21,40,11,7,24,
02/04/2025 19:52:40,02/04/2025,19:00:00,Culto,Culto de Quarta,Bispo Clodoilson ,Blindando a mente contra os ataques do inimigo ,SIM,Vencendo desafios ,26,55,22,6,26,
06/04/2025 11:31:22,06/04/2025,10:30:00,Culto,Outros,Bispo Clodoilson ,Tesouros encobertos tesouros escondidos,SIM,Riquezas encobertas tesouros escondidos ,41,63,22,4,25,
06/04/2025 17:58:15,06/04/2025,17:00:00,Culto,Culto de Celebração,Bispo Clodoilson,Santa Ceia,SIM,Riquezas encobertas tesouros escondidos ,47,77,19,11,26,"Relevanteens 
Tema: Deus quer você perdoador 
Ministro: Felipe
Teens: 27"
06/04/2025 19:55:08,06/04/2025,19:00:00,Culto,Culto de Celebração,Bospo clodoilson ,Riquezas em coberto tesouro escondido,SIM,Ceia,23,35,16,02,25,Total entre postores e adultos 74
09/04/2025 19:57:43,09/04/2025,07:00:00,Culto,Culto de Quarta,Pastora ANA,A fé que não desiste vence,SIM,Vencendo desafios ,18,21,11,5,20,
13/04/2025 10:51:06,13/04/2025,10:00:00,Culto,Culto de Celebração,Pastora Ana Lucia ,Riquesas encobertas tesouros escondidos ,SIM,A luz revela o tesouro ,43,60,20,9,24,
13/04/2025 19:57:14,13/04/2025,19:00:00,Culto,Outros,Pra Ana Lúcia ,A luz revela o seu tesouro ,SIM,"Riquezas encobertas, tesouros escondidos ",42,51,12,5,20,"Teen : 19
Voluntários : 5
"
16/04/2025 19:47:52,16/04/2025,19:00:00,Culto,Culto de Celebração,Prª Janister,Quando a fé se levanta os inimigos caem,SIM,Vencendo desafios,23,33,9,5,21,
20/04/2025 11:18:04,20/04/2025,10:30:00,Culto,Culto de Celebração,Prª Janister,Cristo nossa Páscoa ,NÃO,,27,46,19,6,20,
20/04/2025 17:53:52,20/04/2025,17:00:00,Culto,Culto de Celebração,Bispo Clodoilson ,Cristo nossa pascoa,SIM,Cristo nossa pascoa ,17,37,11,2,19,Entre adultos e pastores 73
20/04/2025 19:49:35,20/04/2025,19:00:00,Culto,Culto de Celebração,Bispo Clodoilson ,Cristo nossa Páscoa ,NÃO,,26,49,28,3,22,
23/04/2025 19:51:23,23/04/2025,19:00:00,Culto,Culto de Quarta,Pastor Waldomiro ,Inabaláveis na fé ,SIM,Vencendo desafio ,22,29,25,8,21,
27/04/2025 11:25:22,27/04/2025,10:30:00,Culto,Culto de Celebração,Pastor Eduardo,Tesouro nas profundezas ,SIM,Riquesas encobertas tesouros escondidos,31,51,11,3,18,
27/04/2025 17:51:15,27/04/2025,17:00:00,Culto,Culto de Celebração,Pastor Klayton,Tesouros nas Profundezas ,SIM,Riquezas Encobertas Tesouros Escondidos ,25,42,15,5,24,Teen 21
27/04/2025 20:02:39,27/04/2025,19:00:00,Culto,Culto de Celebração,Pr Cleiton ,Tesouros nas profundezas ,SIM,Riquezas encobertas tesouros escondidos ,73,88,28,13,25,
30/04/2025 19:54:33,30/04/2025,19:00:00,Culto,Culto de Quarta,Pastora Ana lucia,Mais que vencedores ,SIM,Riqueaas encobertos tesouro escondido,20,23,12,03,17,Entre adultos e pastores 60
04/05/2025 11:26:46,04/05/2025,10:30:00,Culto,Culto de Celebração,Pra. Ana Lúcia,Firmados na rocha,SIM,Minha fe tem fundamento,35,72,13,6,27,
04/05/2025 17:53:40,05/05/2025,17:00:00,Culto,Culto de Celebração,Pr Ana Lucia ,Firmados na rocha,SIM,Minha fé tem fundamento ,28,45,14,6,26,
04/05/2025 19:37:55,04/05/2025,19:00:00,Culto,Culto de Celebração,Prª Ana Lúcia ,Firmados na Rocha,SIM,Minha Fé tem Fundamento ,24,41,15,4,24,
07/05/2025 19:58:46,07/05/2025,19:00:00,Culto,Culto de Quarta,Pastor Waldomiro ,Tsaleach seja próspero ,SIM,Tsaleach,20,37,23,8,23,
11/05/2025 11:31:58,11/05/2025,10:30:00,Culto,Outros,Pastor Waldomiro ,Firmados na palavra imparáveis na Fé ,SIM,Minha Fé tem fundamento ,27,36,13,6,23,
11/05/2025 19:47:45,20/04/2025,19:00:00,Culto,Culto de Celebração,Pastor carlos canto,Firmados na Palavra imparaveis na Fé ,SIM,A minha fé tem fundamentos ,23,37,22,3,23,Total entre adultos e pastores 81
11/05/2025 21:32:25,11/05/2025,17:00:00,Culto,Culto de Celebração,Pastor Carlos Canto,"Firmados na palavra, imparáveis na fé ",SIM,Minha fé tem fundamento ,21,35,12,2,19,"Relevanteens 
Tema: Deus quer você curado 
Ministro: Matias
Voluntários 4
Teens 15"
14/05/2025 20:39:55,14/05/2025,19:00:00,Culto,Culto de Quarta,Marli Chaia,Autorizado a avançar ,SIM,Tsaleach,13,19,11,4,19,
18/05/2025 17:56:12,18/05/2025,19:00:00,Culto,Culto de Celebração,Pastor waldomiro ,"A fé  vem pelo ouvir,e o ouvir pela palavra de Deus",SIM,A minha fé tem fundamentos,24,27,14,5,21,Entre adultos e pastores 73
18/05/2025 20:57:48,18/05/2025,07:00:00,Culto,Culto de Celebração,Pastora ana lucia ,"A fe vem pelo ouvir, ouvir a palavra de Deus ",SIM,Minha fé tem fundamento ,72,163,30,8,34,
19/05/2025 08:26:01,18/05/2025,10:30:00,Culto,Culto de Celebração,Pr Waldomiro,"A Fé vem pelo Ouvir, e Ouvir a Palavra de Deus",SIM,Minha Fé tem Fundamento,26,32,15,7,24,
21/05/2025 20:18:52,21/05/2025,19:00:00,Culto,Culto de Celebração,Pastora Marli,Chave da prosperidade ,SIM,Tsaleach ,13,32,15,5,20,
25/05/2025 11:24:14,25/05/2025,10:30:00,Culto,Culto de Celebração,Pr. JANISTER,Transformado pela fé ,SIM,Minha fé tem fundamento,27,46,22,7,22,
25/05/2025 18:03:43,25/05/2025,17:00:00,Culto,Outros,Pastor Waldomiro ,Transformados pela Fé ,SIM,Minha Fé tem fundamento ,27,48,26,6,30,
25/05/2025 19:55:32,25/05/2025,19:00:00,Culto,Culto de Celebração,Pastora Marli,Transformados pela fé ,SIM,Minha fé tem fundamento ,22,46,9,6,21,
28/05/2025 19:51:46,28/05/2025,19:00:00,Culto,Culto de Quarta,Pastora Ana Lucia ,Prosperidade no deserto ,SIM,Tsaleah,19,20,10,3,22,
01/06/2025 11:33:19,01/06/2025,10:30:00,Culto,Culto de Celebração,Pastora Ana Lucia,Festa do pentecostes,SIM,CRISTO O UNGIDO,33,66,31,03,23,Total de adultos 126
01/06/2025 17:53:57,01/06/2025,17:00:00,Culto,Culto de Celebração,Pastora Ana Lúcia ,O Cristo ungido ,SIM,Festa de Pentecostes,42,62,12,4,30,Teen: 26
01/06/2025 19:58:10,01/06/2025,19:00:00,Culto,Culto de Celebração,Pr Ana Lucia ,Festa de Pentecostes ,SIM,Cristo ungido ,31,51,25,10,23,
04/06/2025 19:39:44,04/06/2025,19:00:00,Culto,Culto de Celebração,Pastora Marly,Seja Livre,SIM,Ele veio libertar os cativos,18,30,11,02,17,Entre adultos e pastores 66
08/06/2025 12:10:39,08/06/2025,10:30:00,Culto,Culto de Celebração,Pra Janister,Minha casa do senhor,SIM,Familia para Deus,44,72,33,4,24,
08/06/2025 17:50:49,08/06/2025,17:00:00,Culto,Culto de Celebração,Pastor vagno,Minha casa é do Semhor,SIM,Família para Deus,23,33,11,3,19,"Relevanteen 
Serie: conectados, uma família para sempre
Tema: história de uma família 
Quem ministrou: Rafael
Voluntários: 3
Teens: 18"
08/06/2025 19:24:05,08/06/2025,19:00:00,Culto,Culto de Celebração,Pastor carlos canto,Minha casa é do senhor ,SIM,Familia para Deus ,19,27,14,02,23,Ente pastores e adultos 69
11/06/2025 19:45:15,11/06/2025,17:00:00,Culto,Culto de Quarta,Pra. Ana Lúcia,Seja Livre,SIM,Ele veio para libertar os cativos,20,28,19,6,20,Kids 13
15/06/2025 11:23:30,15/06/2025,10:30:00,Culto,Culto de Celebração,Bispo Clodoilson,Um Lar acima das tempestades ,SIM,Família para Deus,30,57,25,5,26,Kids 20
15/06/2025 17:53:11,15/06/2025,17:00:00,Culto,Culto de Celebração,Pastora Ana lucia,Um lar acima das tempestades ,SIM,Família para Deus ,37,51,14,9,22,
15/06/2025 20:47:36,15/06/2025,19:00:00,Culto,Culto de Celebração,Ana Lúcia,Um lar acima das tempestades,SIM,Familia para Deus,25,52,10,1,21,
18/06/2025 20:24:58,18/06/2025,19:00:00,Culto,Culto de Quarta,Pr Waldomiro,Seja livre parte 03,SIM,Ele veio para livrar os cativos,27,26,7,2,21,
22/06/2025 11:26:28,22/06/2025,10:30:00,Culto,Culto de Celebração,Pr. Valdomiro,Lute pela sua casa ,SIM,Família para Deus ,38,59,15,6,19,
22/06/2025 17:57:18,22/06/2025,17:00:00,Culto,Culto de Celebração,Pastora janistwr,Lute pela sua casa,SIM,Famlia para Deus,40,58,19,03,23,Entre adulto e pastoers 121
22/06/2025 19:46:44,22/06/0025,17:00:00,Culto,Culto de Celebração,Pra. Janister,Família para Deus,SIM,Lute pela sua casa,11,22,17,2,28,
25/06/2025 19:57:07,25/06/2025,19:00:00,Culto,Culto de Quarta,Bispo Clodoilson ,Quebrando Maldições ,SIM,Ele veio para libertar os cativos ,29,32,17,5,15,
29/06/2025 11:34:23,20/06/2025,10:30:00,Culto,Culto de Celebração,Pastora janister,A benção do lar pela presença do Espírito Santo ,SIM,Família para Deus ,63,102,21,17,22,
29/06/2025 17:48:56,29/06/2025,17:00:00,Culto,Culto de Celebração,Pastora marli,A benção no lar pela presença de Deus,SIM,Família para Deus ,16,47,12,4,23,"Série: conectados uma família para sempre
Tema: Família um lugar seguro
Ministro: Ezequiel
Voluntários: 3
Teens: 23"
29/06/2025 20:37:07,29/06/2025,19:00:00,Culto,Culto de Celebração,Pra Marli,Benção no lar pela presença de Deus,SIM,Familia para Deus,22,39,13,1,21,
02/07/2025 19:56:14,02/07/2025,19:00:00,Culto,Culto de Quarta,Bispo Clodoilson ,Seja livre ,SIM,Ele veio para libertar os cativos ,22,25,11,5,20,
06/07/2025 11:30:52,06/07/2025,10:30:00,Culto,Culto de Celebração,Bispo Clodoilson ,Santa ceia,SIM,Gerando  milagres,46,63,17,12,22,
06/07/2025 17:47:39,06/07/2025,17:00:00,Culto,Culto de Celebração,Bispo clodoilsom ,Gerando milagres,SIM,Gerando milagres,22,39,21,4,21,Relevanteens 26 + 3 voluntarios
06/07/2025 19:39:20,06/07/2025,19:00:00,Culto,Culto de Celebração,Bispo Clodoilson ,Santa santa /gerando milagre,SIM,Gerando milagre,35,56,22,06,22,Entre adultos e pastores 113 
09/07/2025 19:32:37,09/07/2025,19:00:00,Culto,Culto de Celebração,Pastora Marly,Seja livre parte 2,SIM,Ele veio para lebertar os  cativos,23,30,17,03,18,Entre adultos e pastores 71
13/07/2025 11:34:13,13/07/2025,10:30:00,Culto,Outros,Pastora Janister ,Agente de milagres ,SIM,Gerando milagres ,35,48,17,4,22,
13/07/2025 18:01:54,13/07/2025,17:00:00,Culto,Culto de Celebração,Pastora janister,Agente de milagres,SIM,Gerando milagres,35,50,18,03,22,Entre pastores e adultos 106
13/07/2025 19:45:16,13/07/2025,19:00:00,Culto,Culto de Celebração,Pastora janister,Agente de milagres,SIM,Gerando milagres ,41,53,21,8,22,
16/07/2025 19:36:03,16/07/2025,19:00:00,Culto,Culto de Quarta,Pastora Ana Lúcia ,Seja livre,SIM,Ele veio para libertar os cativos,18,27,10,3,20,
20/07/2025 11:32:41,20/07/2025,10:30:00,Culto,Culto de Celebração,Bispo Clodoilson,Ativando milagres ,SIM,Gerando milagres ,34,65,20,03,23,
20/07/2025 17:47:03,20/07/2025,17:00:00,Culto,Culto de Celebração,Bispo Clodoilson,Ativando milagres,SIM,Gerando milagres,47,67,16,9,22,"Relevanteen 

Série: nascer de novo
Tema: o amor visível 
Quem ministrou: Felipe
Voluntários: 3
Teens: 24"
20/07/2025 19:44:45,20/07/2025,19:30:00,Culto,Outros,Pastor Carlos Canto ,Ativando milagres ,SIM,Gerando milagres ,24,32,10,2,27,
23/07/2025 20:02:31,23/07/2025,19:00:00,Culto,Culto de Quarta,Pr Waldomiro,Seja Livre,SIM,Ele Vem para Libertar os Cativos,33,17,15,4,21,
27/07/2025 11:49:51,27/07/2025,10:30:00,Culto,Culto de Celebração,Pastora JANISTER ,Seja protagonista de milagres ,SIM,Gerando milagres ,37,54,22,6,21,
27/07/2025 17:55:30,27/07/2025,17:00:00,Culto,Culto de Celebração,Pastor Waldomiro,Seja protagonista de milagre,SIM,Gerando Milagres ,36,53,17,02,22,Entre pastores e adultos 111 
27/07/2025 19:39:40,27/07/2025,19:00:00,Culto,Culto de Celebração,Waldomiro,Seja protagonista de milagres ,SIM,Gerando milagres ,33,44,22,5,24,
30/07/2025 19:41:18,30/07/2025,19:00:00,Culto,Culto de Quarta,Pastora Ana Lucia ,Seja livre,SIM,Ele veio para libertar os cativos,20,20,80,6,15,
03/08/2025 11:22:34,03/08/2025,10:30:00,Culto,Culto de Celebração,Bispo Clodoilson,Deus Pai,SIM,Paternidade Orfandade,47,83,31,7,28,Kids 24
03/08/2025 17:46:47,03/08/2025,19:00:00,Culto,Culto de Celebração,Bispo Clodoilson ,Deus Pai ,SIM,Orfandade paternidade ,43,69,23,4,26,
03/08/2025 20:00:46,03/08/2025,19:00:00,Culto,Culto de Celebração,Bispo Clodoison,Deus Pai,SIM,Paternidade Orfandade,30,54,19,5,24,
06/08/2025 19:54:06,06/08/2025,19:00:00,Culto,Culto de Quarta,Pastora Ana Lucia ,Quebrando correntes espirituais ,SIM,Ele veio para libertar os cativos ,35,35,18,9,19,
10/08/2025 11:28:09,10/08/2025,10:30:00,Culto,Culto de Celebração,Bispo Clodoilson ,Família biológica ,SIM,Paternidade /Orfandade ,29,63,18,6,21,
10/08/2025 18:00:33,10/08/2025,17:00:00,Culto,Culto de Celebração,Bispo Clodoilson ,Familia biologica,SIM,Paternidade orfandade,26,46,17,02,20,Entre a adultos e pastores i2
10/08/2025 20:02:16,10/08/0025,19:00:00,Culto,Culto de Celebração,Bispo Clodoilson,Família Biológica ,SIM,Paternidade/Orfandade,23,35,23,4,26,Kids:19
13/08/2025 19:45:24,13/08/2025,19:00:00,Culto,Culto de Celebração,Pastora Ana Lúcia ,Negativo ou positivo,SIM,Ele veio  para libertar os cativos ,25,36,11,02,22,Entre adultos e pastores 83 
17/08/2025 11:32:31,17/08/2025,10:30:00,Culto,Culto de Celebração,Bispo Clodoilson ,Igreja Familia ,SIM,Paternidade Orfandade ,47,74,20,7,23,
17/08/2025 18:00:06,17/08/2025,17:00:00,Culto,Culto de Celebração,Bispo Clodoilson ,Igreja Família ,SIM,Paternidade - Orfandade ,31,62,18,06,22,Culto Relevanteen - Teens 25 / Voluntários 03 / Ministros 02 
17/08/2025 20:04:02,17/08/2025,19:00:00,Culto,Culto de Celebração,Bispo Clodoilson ,Igreja família ,SIM,Paternidade orfandade ,29,44,16,5,22,
20/08/2025 19:48:37,20/08/2025,17:00:00,Culto,Culto de Quarta,Bispo Clodoilson ,Vencendo Fortalezas,SIM,Ele veio para Libertar os Cativos,25,26,22,6,24,Kids 16
24/08/2025 11:28:03,24/08/2025,10:30:00,Culto,Culto de Celebração,Pastora Ana Lucia ,A casa do pai ,SIM,Paternidade e orfandade ,43,67,26,7,22,
24/08/2025 17:46:28,24/08/2025,17:00:00,Culto,Culto de Celebração,Pastora Ana Lúcia,A Casa do Pai,SIM,Orfandade e Paternidade ,33,51,19,4,27,Kids 15
24/08/2025 19:44:18,24/08/2025,19:00:00,Culto,Culto de Celebração,Pastora Ana Lúcia ,Casa do pai,SIM,Paternidade Orfandade,17,21,10,01,21,Enre adulto e pastores 59
27/08/2025 19:49:21,27/08/2025,19:00:00,Culto,Culto de Quarta,Pastora ANA LUCIA,Vivendo sem amarras,SIM,Ele veio para libertar os cativos ,29,37,11,2,31,
31/08/2025 11:12:20,31/08/2025,10:30:00,Culto,Culto de Celebração,Bispo Clodoilson ,Vencendo o Espito da orfandade ,SIM,Paternidade orfandade ,32,61,26,4,23,Entre adultos e pastores 116
31/08/2025 18:02:22,31/08/2025,17:00:00,Culto,Culto de Celebração,Bispo Clodoilson,Vencendo o Espírito de Orfandade,SIM,Patenidade Orfandade,34,66,18,7,24,
31/08/2025 19:36:28,31/08/2025,19:00:00,Culto,Culto de Celebração,Bispo Clodoilson ,Vencendo o Espírito da Orfandade ,SIM,Paternidade/ Orfandade ,22,28,14,8,20,
03/09/2025 19:44:16,03/09/2025,19:00:00,Culto,Culto de Quarta,Pastora Marli ,O coração ferido,SIM,As palavras de Jesus curam,24,36,6,4,17,
07/09/2025 11:20:50,07/09/2025,10:30:00,Culto,Culto de Celebração,Bispo Clodoilson ,SANTA CEIA,SIM,O Evangelho ,43,90,19,8,23,
07/09/2025 17:52:57,07/09/2025,17:00:00,Culto,Culto de Celebração,Pastora Janister,Danta ceia,SIM,O Evangelho ,39,63,27,04,25,Entre adultos e pastores 127
07/09/2025 19:50:29,07/09/2025,19:00:00,Culto,Culto de Celebração,Bispo Clodoilson ,O Evangelho ,NÃO,Santa Ceia,31,38,20,4,27,Kids16
10/09/2025 20:07:44,10/09/2025,19:00:00,Culto,Culto de Quarta,Pastor Waldomiro ,A Alma abatida ,SIM,As palavras de Jesus curam,20,18,7,3,21,
14/09/2025 12:10:39,14/09/2025,10:30:00,Culto,Culto de Celebração,Pr Ana Lúcia,O poder que transforma vidas,SIM,O evangelio,36,57,18,6,21,
14/09/2025 17:49:59,14/09/2025,17:00:00,Culto,Culto de Celebração,Pastora Ana Lucia ,O poder que transformas vidas ,SIM,O evangelho ,39,57,20,7,21,
14/09/2025 19:50:22,14/09/2025,19:00:00,Culto,Culto de Celebração,Pra Ana Lúcia ,O Poder que Transforma Vida,SIM,O Evangelho ,16,35,10,05,20,
17/09/2025 19:43:05,17/09/2025,19:00:00,Culto,Super Quarta,Apostolo Robert doo,Super quarta feira ,NÃO,,15,27,10,02,22,
21/09/2025 11:49:24,21/09/2025,10:30:00,Culto,Culto de Celebração,Bispo Clodoilson ,O evangelho do reino ,SIM,O evangelho ,44,69,18,9,24,
21/09/2025 17:50:31,21/09/2025,17:00:00,Culto,Culto de Celebração,Bispo Clodoilson ,O Evangelho do Reino,SIM,O Evangelho,36,61,22,3,22,Teen: 27
21/09/2025 20:06:29,21/09/2025,19:00:00,Culto,Culto de Celebração,Bispo Clodoilson ,O Evangelho do Reino ,SIM,O Evangelho ,25,45,17,02,23,Entre adulto e pastores 72
24/09/2025 19:52:04,24/09/2025,17:00:00,Culto,Culto de Quarta,Pastora Ana Lúcia,Basta Uma Palavra,SIM,As Palavras de Jesus Curam,22,30,3,5,21,Kids10
28/09/2025 11:22:12,28/09/2025,10:30:00,Culto,Culto de Celebração,Pra Ana Lúcia ,O Verdadeiro Evangelho ,SIM,O Evangelho ,35,48,14,3,23,
28/09/2025 18:18:18,28/09/2025,17:00:00,Culto,Culto de Celebração,Pastora Ana Lúcia ,O Verdadeiro Evangelho ,SIM,O Evangelho,38,73,23,7,23,"RELEVANTEEN
Série: Casas
Tema: Casa de Zaqueu - Mesa da Graça 
Que ministrou: Brandon
Voluntários: 2
Teens: 31
"
28/09/2025 20:02:55,28/09/2025,19:00:00,Culto,Culto de Celebração,Ana Lúcia,O Verdadeiro Evangelho,SIM,O Evangelho,17,33,18,4,19,
01/10/2025 19:58:42,01/10/2025,19:00:00,Culto,Culto de Quarta,Pastora Marli ,Campanha de milagres ,SIM,Campanha de milagres,26,45,10,4,24,
05/10/2025 11:24:47,05/10/2025,10:30:00,Culto,Culto de Celebração,Pastora jenester ,É impossivel mas Deus pode (santa ceia),SIM,É impossivel mas Deus pode ,54,76,25,5,28,
05/10/2025 17:57:36,05/10/2025,17:00:00,Culto,Culto de Celebração,Pastora Ana Janete canto ,Impossível mais Deus pode ,SIM,Impossível mais Deus pode ,43,63,14,7,26,
05/10/2025 19:38:54,05/10/2025,19:00:00,Culto,Culto de Celebração,Pastor Valdomiro ,Santa ceia,SIM,"É impossível, mas Deus pode",20,44,14,6,23,
08/10/2025 19:42:38,08/10/2025,19:00:00,Culto,Culto de Quarta,Pastora Marli,Campanha de Milagres,SIM,Campanha de Milagres ,21,52,13,5,18,
12/10/2025 11:37:32,12/10/2025,10:30:00,Culto,Culto de Celebração,Pastor vagno ,Deus de maravilha ,SIM,Impossível mais Deus pode ,33,51,12,8,22,
12/10/2025 17:51:49,12/10/2025,17:00:00,Culto,Culto de Celebração,Pra. Janister ,Deus de Maravilhas,SIM,É Impossível mas Deus Pode,46,74,26,4,34,Teen 16
12/10/2025 19:50:33,12/10/2025,19:00:00,Culto,Culto de Celebração,Pastor waldomiro,Deus de maravilha,SIM,E impossível Deus pode,18,26,20,01,22,Entre adultos e pastores 76
15/10/2025 19:51:53,15/10/2025,19:00:00,Culto,Culto de Quarta,Bispo Clodoilson ,A fé acima da lógica ,SIM,Campanha de milagres ,36,41,20,6,24,
19/10/2025 11:20:40,19/10/2025,10:30:00,Culto,Culto de Celebração,Bispo Clodoilson ,Tabernáculos a Festa da Colheita,NÃO,Jesus a Razão da Minha Esperança,32,62,19,4,33,Kids 14
19/10/2025 17:50:47,19/10/2025,17:00:00,Culto Especial,Culto de Celebração,Bispo Clodoilson ,Jesus a razão da minha esperança ,NÃO,TABERNÁCULOS ,30,58,16,6,26,Festa da colheita 
19/10/2025 20:24:21,19/10/2025,19:00:00,Culto,Culto de Celebração,BiZspo Clodoilson ,Jesus a razão da minha esperanca ,NÃO,Festa de tabernáculo ,71,90,24,5,29,Volta do encontro e festa dos tabernáculo 
22/10/2025 20:03:41,22/10/2025,19:00:00,Culto,Culto de Quarta,Pastora Ana Lúcia ,A fé  e o conduntor do milagre,SIM,Campanha de milagre,32,52,23,02,21,Entre adultos e pastores  105
26/10/2025 11:21:26,26/10/2025,10:30:00,Culto,Culto de Celebração,PASTORA ANA LÚCIA ,A ÚLTIMA PALAVRA É DE JESUS ,SIM,É IMPOSSÍVEL MAS DEUS PODE,37,65,23,5,24,
26/10/2025 17:57:38,26/10/2025,17:00:00,Culto,Culto de Celebração,Pastora Ana lucia ,Ultima palavra é  de Jesus ,SIM,"E possível, mas Deus Pode",24,42,11,01,22,Entre adultos e pastores 88
26/10/2025 20:05:04,26/10/2025,19:00:00,Culto,Culto de Celebração,Pastora Ana Lucia ,A última palavra de Jesus ,SIM,É impossível mais Deus pode ,16,22,10,1,20,
29/10/2025 19:47:31,29/10/2025,19:00:00,Culto,Culto de Quarta,Pra. Ana Lúcia,Campanha de Milagres ,NÃO,,26,43,18,5,22,Kids 13
02/11/2025 11:31:25,02/11/2025,10:30:00,Culto,Culto de Celebração,Bispo Clodoilson ,O Deus do impossivel ,SIM,"É impossivel, mas Deus pode!",31,36,11,4,27,Deus seja louvado 
02/11/2025 18:04:09,02/11/2025,17:00:00,Culto,Culto de Celebração,Bispo ,O Deus do Impossível ,SIM,"É Impossível, mas Deus pode",33,42,28,3,27,Teens 21
02/11/2025 20:15:37,02/11/2025,19:00:00,Culto,Culto de Celebração,Bispo Clodoilson ,Santa  Ceia,SIM,É impossível. Mas Deus pode,80,175,5y,05,37,Entre adultos e pastores 264
05/11/2025 19:52:13,05/11/2025,19:00:00,Culto,Culto de Quarta,Pastora Ana Lucia ,Aliança ,SIM,Paz e provisão ,26,36,12,6,22,
09/11/2025 11:21:48,09/11/2025,10:30:00,Culto,Culto de Celebração,Bispo Clodoilson ,Deus de Milagres ,SIM,"É Impossível, mas Deus Pode",30,48,15,5,21,
09/11/2025 17:46:21,09/11/2025,17:00:00,Culto,Culto de Celebração,Bispo Clodoilson ,Deus dê milagres,SIM,"É impossível, mas Deus pode",25,44,12,5,21,"RELEVANTEEN
TEMA: O perfume 
TEMA: Casas
MINISTRO: Ezequiel
VOLUNTÁRIOS: 2
TEENS: 19"
09/11/2025 19:53:18,09/11/2025,19:00:00,Culto,Culto de Celebração,Bispo Clodoilson ,Deus de Milagres ,SIM,É Impossível mas Deus Pode! ,35,57,26,9,20,Kids 17
12/11/2025 19:46:57,12/11/2025,19:00:00,Culto,Culto de Quarta,Pastora Marli,Meditação,SIM,Paz e Provisão,22,39,14,7,20,
16/11/2025 11:23:38,16/11/2025,10:30:00,Culto,Culto de Celebração,Pasora Ana Lúcia ,Tempo Oportuno ,SIM,É impossível  mas Deus pode,45,62,23,03,23,Entre adultos e pastores 130
16/11/2025 17:54:11,16/11/2025,17:00:00,Culto,Culto de Celebração,Pra. Ana Lúcia ,Tempo Oportuno,SIM,"É Impossível, mas Deus Pode ",24,44,18,1,23,
16/11/2025 20:06:29,16/11/2025,19:00:00,Culto,Culto de Celebração,Ana Lúcia ,Tempo Oportuno,SIM,"É impossivel , Mais Deus Pode",38,42,21,5,21,
19/11/2025 19:57:05,19/11/2025,19:00:00,Culto,Culto de Quarta,Pra. Ana Lúcia ,Unidade ,SIM,Paz e Provisão ,14,30,10,2,22,
23/11/2025 11:41:00,23/11/2025,10:30:00,Culto,Culto de Celebração,Bispo Clodoilson ,Deus Conosco,SIM,É Impossível mas Deus Pode! ,35,56,22,9,21,Kids 13
23/11/2025 17:43:07,23/11/2025,17:00:00,Culto,Culto de Celebração,Bispo Clodoilson,Deus Conosco,SIM,"É Impossível, mas Deus pode.",27,48,15,3,22,"Culto Relevanteen 
Tens 18
Voluntários 03
Ministro 01 Felipe
Tema Casas de Caifás - O Julgamento Injusto"
23/11/2025 20:02:25,23/11/2025,19:00:00,Culto,Culto de Celebração,Bispo Clodoilson ,Deus Conosco ,SIM,"É impossível, mas Deus Pode ",16,32,18,4,22,
26/11/2025 19:59:09,26/11/2025,19:00:00,Culto,Culto de Quarta,Bispo Clodoilson ,Obediência ,SIM,Paz e provisão ,21,37,16,03,19,Entre adultos e pastores 77
30/11/2025 13:58:02,30/11/2025,10:30:00,Oração,Culto de Celebração,Pastora Ana lucia,Família restaurada ,SIM,É impossível mas Deus Pode ,41,67,25,02,Entre adultos e pastores 130,
30/11/2025 18:52:24,30/11/2025,17:00:00,Culto,Culto de Celebração,Pr Ana Lúcia,É impossível mais Deus pode,SIM,Familias retauradas,118,59,16,6,20,"Relevanteen
2 ministros 
1 voluntária 
18 adolescente"
30/11/2025 20:11:12,30/11/2025,19:00:00,Culto,Culto de Celebração,Pra. Ana Lucia,Família Restaurada,SIM,É Impossível mas Deus Pode,24,40,19,6,29,Kids 13
03/12/2025 19:48:37,03/12/2025,19:00:00,Culto,Culto de Quarta,Pra. Ana Lúcia,Sonhos,SIM,Paz e Provisão,25,33,14,3,22,Kids11
07/12/2025 11:29:53,07/12/2025,10:30:00,Culto,Culto de Celebração,Bispo Clodoilson,Restituição ,SIM,Palavras Rhema,40,65,25,10,25,
07/12/2025 18:43:35,07/12/2025,17:00:00,Culto,Culto de Celebração,Bispo Clodoilson,Palavras Rhema,SIM,Restituição,37,63,14,0,25,"Relevanteen 
2 voluntários 
1 ministrador 
15 crianças"
07/12/2025 19:37:34,07/12/2025,19:00:00,Culto,Culto de Celebração,Bispo Clodoilson ,Restituição ,SIM,Palavras Rhema ,33,58,14,5,26,
10/12/2025 20:02:07,10/12/2025,19:00:00,Culto,Culto de Quarta,Pra Ana Lúcia,Planejamento e Organização,SIM,Paz e Provisão,21,33,12,6,22,
14/12/2025 11:28:01,14/12/2025,10:30:00,Culto,Culto de Celebração,Bispo Clodoilson ,Fórmulas mágicas ,SIM,Palavras Rhema ,37,49,27,06,22,Entre adultos e pastores 108
14/12/2025 17:46:00,14/12/2025,17:00:00,Culto,Culto de Celebração,Bispo Clodoilson,Fórmulas Mágicas,SIM,Palavras Rhema,27,47,10,4,28,"RELEVANTEEN 
Ministros: Ezequiel
Voluntários: 1
Série: Mensagens de Esperança 
Tema: Esperança, Alegria e paz
TEENS: 14"
14/12/2025 19:55:32,14/12/2025,19:00:00,Culto,Culto de Celebração,Bispo Clodoilson ,Fórmulas Mágicas,SIM,Palavras Rhema,28,38,18,2,30,Kids 16
17/12/2025 21:14:02,17/12/2025,19:00:00,Culto,Culto de Quarta,Pastora Ana Lúcia ,Fé e Ação ,SIM,Paz e Provisão ,28,53,9,0,19,
21/12/2025 11:29:30,21/12/2025,10:30:00,Culto,Culto de Celebração,Bispo Clodoilson,Hannukah,SIM,Maravilhosa Graça,31,62,16,4,21,
21/12/2025 17:49:01,21/12/2025,17:00:00,Culto,Outros,Bispo Clodoilson ,Gracas ,NÃO,,21,25,06,0,20,Entre adultos e pastores 66
21/12/2025 19:53:51,21/12/2025,19:00:00,Culto Especial,Culto de Celebração,Bispo Clodoilson ,Hanukkah Maravilhosa Graça ,NÃO,,18,38,15,3,22,
24/12/2025 19:47:26,24/12/2025,19:00:00,Culto,Culto de Quarta,Pr Carlos Canto,O código de Deus ,SIM,Palavras Rhema,10,20,5,0,13,
28/12/2025 11:33:51,28/12/2025,10:30:00,Culto,Culto de Celebração,Pastor Waldomiro ,Chamados pela graça ,SIM,Palavras Rhema ,30,65,19,4,26,
28/12/2025 18:07:11,28/12/2025,17:00:00,Culto,Culto de Celebração,Pra. Janister ,Chamados pela Graça ,SIM,Palavras Rhema,18,26,12,2,27,Teens 9
28/12/2025 20:01:24,28/12/2025,19:00:00,Culto,Culto de Celebração,Pr Janister,Chamados pela graça,SIM,Palavras Rhema,24,37,16,3,23,
04/01/2026 11:23:53,04/01/2026,10:30:00,Culto,Culto de Celebração,Bispo Clodoilson,Maravilhas de Deus ,SIM,Deus de Maravilhas,38,62,14,11,22,
04/01/2026 18:02:29,04/01/2026,17:00:00,Culto,Culto de Celebração,Bispo Clodoilson,DEUS DE MARAVILHAS ,SIM,Maravilhas de Deus ,37,65,14,6,27,
04/01/2026 19:57:44,04/01/2026,19:00:00,Culto,Culto de Celebração,Bispo Clodoilson ,Santa ceia ,SIM,Deus de maravilhas ,34,50,10,04,27,
07/01/2026 19:48:22,07/01/2026,19:00:00,Culto,Culto de Quarta,Bispo Clodoilson ,Segredo ms da Fé,NÃO,,33,45,21,4,25,Kids 17
11/01/2026 11:07:33,11/01/2026,10:30:00,Culto,Culto de Celebração,Pastora Ana Lucia,Ativando as ,SIM,Ano das maravilhas de Deus ,38,66,16,02,13,Entre adultos e pastores 127
11/01/2026 18:06:20,11/01/2026,17:00:00,Culto,Culto de Celebração,Pastora Ana Lúcia,Ativando as maravilhas,SIM,Deus de Maravilhas,24,47,17,5,28,Teen: 16
11/01/2026 20:00:57,11/01/2026,19:00:00,Culto,Culto de Celebração,Pra. Ana Lúcia ,Ativando Maravilhas,SIM,Deus de Maravilhas ,18,26,7,5,20,
14/01/2026 19:54:34,14/01/2026,19:00:00,Culto,Culto de Quarta,Pastora Marli,A fé que vence ,SIM,Segredos da fé ,31,45,11,6,22,
18/01/2026 11:33:52,18/01/2026,10:30:00,Culto,Culto de Celebração,Pra. Janister,Ativando Maravilhas,SIM,Deus de Maravilhas,27,64,17,11,21,
18/01/2026 17:42:50,18/01/2026,17:00:00,Culto,Culto de Celebração,Rafael ,Ativando maravilhas ,SIM,Deus de maravilhas ,42,71,17,5,23,"Relevanteen
Ministro: Igor
Voluntários: 2
Série: Favorecidos
Tema:O favor da fé 
Teens:20"
18/01/2026 19:46:07,18/01/2026,19:00:00,Culto,Culto de Celebração,Pastora Marly ,Ativando as maravilhas ,SIM,Ano das maravilhas de Deus ,25,39,18,03,23,Ente pastres e adultos 89
21/01/2026 20:01:59,21/01/2026,19:00:00,Culto,Culto de Quarta,Pra. Ana Lucia,A fé que agrada Deus,SIM,Segredos da fé,38,53,16,7,26,
25/01/2026 13:16:06,25/01/2026,10:00:00,Culto,Culto de Celebração,Bispo Clodoilson ,Ambientes de Maravilhas,SIM,Deus de Maravilhas ,30,68,17,7,32,Total de adultos: 130
25/01/2026 18:03:09,25/01/2026,17:00:00,Culto,Culto de Celebração,Bispo Clodoilson ,Ambientes de Maravilhas,SIM,Deus de Maravilhas ,34,50,18,1,22,
25/01/2026 19:54:39,25/01/2026,19:00:00,Culto,Culto de Celebração,Bispo Clodoilson,Ambiente de Maravilhas,SIM,Maravilhas de Deus,20,41,15,1,24,
28/01/2026 19:48:51,28/01/2026,19:00:00,Culto,Culto de Quarta,Bispo Clodoilson ,A Fé que agrada a Deus parte 2,SIM,Segredos da Fé ,30,42,11,8,20,
01/02/2026 11:45:34,01/02/2026,10:30:00,Culto,Culto de Celebração,Pra. Ana Lúcia ,Famílias Sobre a Rocha,SIM,Família Projeto de Deus,39,67,28,7,25,
01/02/2026 18:08:24,01/02/2026,17:00:00,Culto,Culto de Celebração,Pra Ana Lúcia,Famílias sobre a Rocha,SIM,Família Projeto de Deus,33,72,16,1,20,"Relevanteen 
Voluntário: 5
Teen: 21"
01/02/2026 19:45:59,01/02/2026,19:00:00,Culto,Culto de Celebração,Pastora Ana lucia ,Família sobre a rocha,SIM,Família projeto de Deus ,25,42,15,03,27,Entre adultos e pastores 95
02/02/2026 20:10:30,02/02/2026,19:30:00,Culto Especial,Treinamento Líderes,Bp Clodoilson e Pra Ana Lucia,Ativação Profética ,NÃO,,60,104,15,2,19,Equipe F
04/02/2026 20:01:05,04/02/2026,19:00:00,Culto,Culto de Quarta,Bispo Clodoilson ,A Fé que Deus honra ,SIM,Segredos da Fé ,32,42,15,5,21,
08/02/2026 11:36:20,08/02/2026,10:30:00,Culto,Culto de Celebração,Bispo Clodoilson ,Deus é o construtor da família ,SIM,Família projeto de Deus ,38,80,16,15,30,
08/02/2026 18:01:22,08/02/2026,17:00:00,Culto,Culto de Celebração,Bispo Clodoilson ,Deus é o Construtor da Família Salmos 127 e 128,SIM,Família Projeto de Deus,37,61,15,5,28,Teens: 17
08/02/2026 20:01:12,08/02/2026,19:00:00,Culto,Culto de Celebração,Bp Clodoilson,Deus é o Construtor da Familia,SIM,Família Projeto de Deus,24,40,20,5,20,Salmos 127 e 128
11/02/2026 20:01:51,11/02/2026,19:00:00,Culto,Culto de Quarta,Pr. Ana Lúcia,Construindo uma fé robusta,SIM,Segredos da Fé,27,45,8,5,24,
15/02/2026 11:27:26,15/02/2026,10:30:00,Culto,Culto de Celebração,Bispo Clodoilson ,Deus e o construtor das familias,SIM,Família Projeto de Deus ,40,69,34,10,20,Entre adultos e pastores 129
15/02/2026 17:57:11,15/02/2026,17:00:00,Culto,Culto de Celebração,Bispo clodoilson ,Deus e o construtor da família  Parte 2,SIM,Família projeto de Deus ,33,55,22,4,26,
15/02/2026 20:00:48,15/02/2026,19:00:00,Culto,Culto de Celebração,Bispo clodoilson,Deus é construtor de familias. Part 2,SIM,Familia projeto de Deus ,32,52,16,1,28,
18/02/2026 19:54:18,18/02/2026,19:00:00,Culto,Culto de Quarta,Bispo ,O que fé produz,SIM,O segredobda Fe,36,51,24,03,20,Entre adultos e pastores 104
22/02/2026 11:33:09,22/02/2026,10:30:00,Culto,Culto de Celebração,Pra Ana Lucia,Famílias Fortes,SIM,Família Projeto de Deus,51,72,30,11,22,
22/02/2026 17:54:49,22/02/2026,17:00:00,Culto,Culto de Celebração,Pra. Ana,Familias fortes,SIM,Famila projeto de Deus,47,92,24,6,25,"Relevanteen

ministro: Rafael
Voluntarios: 3
Serie: Deus que perdoa pecados
tema: o ex paralítico 
teens: 28"
22/02/2026 20:08:25,22/02/2026,19:00:00,Culto,Culto de Celebração,Pra. Ana Lúcia ,Famílias Fortes,SIM,Família Projeto de Deus,40,57,34,6,25,Kids 23
25/02/2026 20:13:48,25/02/2026,19:00:00,Culto,Culto de Quarta,Bispo Clodoilson,O que a fé produz parte 2,SIM,Segredos da Fé ,38,47,16,9,23,
01/03/2026 11:35:03,01/03/2026,10:30:00,Culto,Culto de Celebração,Rafael Fernandes,Mais que palavras,SIM,Nasci para amar nasci para servir,41,81,29,8,30,
01/03/2026 18:42:46,01/03/2026,17:00:00,Culto,Culto de Celebração,Pastora Janester,Mais que palavra,SIM,Nasci pata amar nasci para servir ,40,62,35,05,29,"Entre homem,mulheres kidi tenns total de 205"
01/03/2026 20:03:07,01/03/2026,19:00:00,Culto,Culto de Celebração,Pra Janister,Mais que Palavras,SIM,"Nasci para Amar, Nasci para Servir ",33,56,12,5,26,
04/03/2026 19:50:22,04/03/2026,19:00:00,Culto,Culto de Quarta,Pastor Vagno,Inabaláveis ,SIM,Uma vida Vitoriosa,21,34,14,4,23,Kids 10
06/03/2026 20:50:02,06/03/2026,19:00:00,Oração,Noite de Avivamento,"Pra Janiste , Karol , Cristiane Cotrim ,Andria , Julia ,  Pra  Ana Janete",Oração ,NÃO,,21,45,16,2,16,
08/03/2026 11:35:54,08/03/2026,10:30:00,Culto,Culto de Celebração,Bispo Clodoilson ,Chamados para Amar e Servir ,SIM,Nasci para Amar Nasci para Servir,44,65,24,3,28,
08/03/2026 18:05:53,08/03/2016,17:00:00,Culto,Culto de Celebração,Bp Clodoilson ,Chamados para Amar e Servir,SIM,Nasci para Amar/Nasci para Servir,45,70,15,14,32,
08/03/2026 19:46:05,08/03/2026,19:00:00,Culto,Culto de Celebração,Bispo Clodoilson,Chamados para amar e servir,SIM,"Nasci para amar, nasci para servir",23,33,11,5,26,"
"
11/03/2026 19:58:08,11/03/2026,19:00:00,Culto,Culto de Celebração,Bp Clodoilson ,"Paralisado por um trauma, Restaurado por uma Palavra",SIM,Uma vida vitoriosa ,28,50,24,5,22,
15/03/2026 11:23:52,15/03/2026,10:30:00,Culto,Culto de Celebração,Bispo clodoilson ,As duas faces da benção ,SIM,Nasci para amar /nasci para servir ,36,67,18,9,27,
15/03/2026 17:52:19,15/03/2026,17:00:00,Culto,Culto de Celebração,Bispo clodoilson,As duas fa es da bênção ,SIM,Nasci para amar nasci para servir ,37,61,15,6,30,Relevanteen 27
15/03/2026 19:51:15,15/03/2026,19:00:00,Culto,Culto de Celebração,Bispo Clodoilson ,As face da Benção ,SIM,Nasci para Amar nasci para servir,25,35,18,03,23,Entre adultos e pastores e baby e kidi 101
18/03/2026 19:52:47,18/03/2026,19:00:00,Culto,Culto de Quarta,Pra Ana Lúcia ,Uma Vida Vitoriosa ,SIM,Uma Vida Vitoriosa,28,40,17,04,19,
22/03/2026 11:24:55,22/03/2026,10:30:00,Culto,Culto de Celebração,Pastora Janister,Um Povo Forte Que Faz Proezas,NÃO,,35,50,13,11,26,Domingo Pós Conferência Global. 
22/03/2026 18:03:00,22/03/2026,17:00:00,Culto,Culto de Celebração,Pr. Creva Barreto Jó - Gana,Um Povo Forte que faz Proezas,SIM,Um Povo Forte que faz Proezas,40,68,32,7,24,Teen 25
22/03/2026 20:05:04,22/03/2026,19:00:00,Culto,Culto de Celebração,Pr Creva Barreto Jo - Gana,Um Povo Forte que faz Proezas,SIM,Um Povo Forte que faz Proezas,28,48,16,5,24,
25/03/2026 20:13:32,25/03/2026,19:00:00,Culto,Culto de Quarta,Ana Lúcia,Como Prosperar em Tempos de Crise,SIM,Uma Vida Vitoriosa,22,39,16,3,24,
29/03/2026 12:28:25,29/03/2026,10:30:00,Culto,Culto de Celebração,Bispo Clodoilson ,Duas face da cruz,SIM,Nasci para amar nsci par servir,38,70,23,02,25,Entre adultos  criança pastores 156
29/03/2026 18:08:48,29/03/2026,17:00:00,Culto,Culto de Celebração,Bp Clodoilson ,A Duas Faces da Cruz,SIM,"Nasci para Amar, nasci pra Servir ",41,84,24,13,21,
29/03/2026 20:00:39,29/03/2026,19:00:00,Culto,Culto de Celebração,Bispo clodoilson,As duas faces da cruz,SIM,"Nasci para amar, nasci para servir ",32,43,12,7,30,
01/04/2026 20:00:04,01/04/2026,19:00:00,Culto,Culto de Quarta,Pastora Ana Lúcia,Como Prosperar em Tempo de Crise Parte 2,SIM,Uma Vida Vitoriosa,26,37,19,3,21,
05/04/2026 09:40:46,05/04/2026,08:30:00,Culto,Culto de Celebração,Bispo Clodoilson,Cristo nossa páscoa ,NÃO,,51,87,16,6,38,Santa ceia 
05/04/2026 12:39:01,05/04/0026,10:30:00,Culto Especial,Culto de Celebração,Bp Clodoilson,Cristo Nossa Páscoa,NÃO,,32,49,28,5,32,Santa Ceia
05/04/2026 17:49:01,05/04/2026,17:00:00,Culto,Culto de Celebração,Bispo Clodoilson ,Cristo nossa Páscoa  Pessach,NÃO,,40,65,14,2,24,
05/04/2026 21:31:10,05/04/2026,19:00:00,Culto Especial,Culto de Celebração,Bispo Clodoilson ,Cristo nossa Páscoa ,NÃO,,35,60,4,6,24,Kids :13
08/04/2026 19:52:14,08/04/2026,19:00:00,Culto,Culto de Quarta,Pastora janister ,Derrubando gigante,SIM,Derrubando gigantes ,39,50,18,02,25,Entre adultos e pastores e baby e Kids 132
12/04/2026 09:37:58,12/04/2026,08:30:00,Culto,Culto de Celebração,Pra. Janister,Dois homens dois caminhos dois destinos,SIM,Salmos,30,55,14,5,19,
12/04/2026 12:43:33,12/04/2026,10:30:00,Culto,Culto de Celebração,Pastora janister ,2 homem 2 cominho 2 destina,SIM,Salmos 1,22,53,17,02,23,Entre adultos e pastores baby kids teens 119
12/04/2026 19:42:07,12/04/2026,17:00:00,Culto,Culto de Celebração,Pra Lenice ,"Dois Homens, dois caminhos e dois destinos",SIM,Salmos,18,48,22,8,25,
12/04/2026 20:01:35,12/04/2026,19:00:00,Culto,Culto de Celebração,Bispo Clodoilson ,Salmos 1,SIM,"Dois homens, Dois caminhos Dois destinos ",75,106,20,6,31,
15/04/2026 19:53:03,15/04/2026,19:00:00,Culto,Culto de Quarta,Pastora Ana ,Derrubando Gigantes - vencendo as batalhas da mente ,SIM,Derrubando Gigantes ,38,58,23,9,18,
19/04/2026 09:36:39,19/04/2026,08:30:00,Culto,Outros,Pastora Ana Lúcia ,O Senhor é o meu Pastor ,SIM,Salmos ,35,56,4,3,27,Kids 17
19/04/2026 11:09:38,19/04/2026,10:30:00,Culto,Outros,Pastora Ana Lucia ,O senhor é meu pastor ,SIM,Salmos,26,43,4,6,25,
19/04/2026 18:01:57,19/04/2026,17:00:00,Culto,Culto de Celebração,Pra Ana Lucia,O Senhor é meu Pastor ,SIM,Salmos,30,38,13,2,24,
19/04/2026 20:09:20,19/04/2026,19:00:00,Culto,Culto de Celebração,Pastora Ana Lucia ,O senhor é meu pastor ,SIM,Salmos ,43,62,13,8,25,
22/04/2026 19:51:30,22/04/2026,19:00:00,Culto,Culto de Quarta,Bispo Clodoilson ,Vencendo a batalha da mente,SIM,Derrubando gigantes ,30,40,15,5,19,
26/04/2026 09:25:48,26/04/2026,08:30:00,Culto,Culto de Celebração,Bispo Clodoilson ,Deus restaura que foi quebrado ,SIM,Salmos,43,64,20,03,21,Entre adultos e pastores baby e kidis 148
26/04/2026 11:29:33,26/04/2026,10:30:00,Culto,Culto de Celebração,Bispo Clodoilson ,Deus Restaura o que foi quebrado,SIM,Salmos,23,37,7,6,25,
26/04/2026 17:50:19,26/04/2026,17:00:00,Culto,Culto de Celebração,Pastora Janister,Salmos 126 ( Deus restaura o que foi quebrado),SIM,Salmos ,44,68,13,4,23,Relevanteen 23 
26/04/2026 19:54:04,26/04/2026,19:00:00,Culto,Culto de Celebração,Pra Janister,Deus Restaura o que foi Quebrado ,SIM,Salmos,24,54,24,2,28,
29/04/2026 20:03:19,29/04/2026,19:00:00,Culto,Culto de Celebração,Pra Ana Lucia,Louvor é Arma de Guerra ,SIM,Derrubando Gigantes ,31,45,19,3,24,
03/05/2026 09:19:48,03/05/2026,08:30:00,Culto,Culto de Celebração,Pastora Ana,Jesus o plano perfeito,NÃO,,43,73,23,6,23,
03/05/2026 11:15:24,03/05/2026,10:30:00,Culto,Culto de Celebração,Pra Ana lucia ,Jesus plano perfeito ,SIM,Jesus plano perfeito ,40,50,24,02,30,Entre adultos e pastores baby e kidis 119
03/05/2026 17:58:57,03/05/2026,17:00:00,Culto,Outros,Pastora Ana,Jesus plano perfeito - Santa ceia ,NÃO,,44,85,23,4,26,
03/05/2026 21:15:16,03/05/2026,19:00:00,Culto,Culto de Celebração,Pastora Ana Lucia ,Jesus O plano perfeito ,NÃO,Santa Céia,34,50,11,2,25,
06/05/2026 20:25:46,06/05/2026,19:00:00,Culto,Culto de Quarta,Bispo Clodoilson ,Caminhos do Milagre ,SIM,Curas e Milagres ,34,65,16,16,20,
10/05/2026 09:34:43,10/05/2026,08:30:00,Culto,Culto de Celebração,Bispo Clodoilson,Um Coração Rendido para uma visa sem estresse,SIM,Um vida biblicamente prospera,22,46,14,3,23,
10/05/2026 11:18:01,10/05/2026,10:30:00,Culto,Culto de Celebração,Bp Clodoilson ,Um Coração Rendido para uma Vida sem Estresse,SIM,40 dias de Prosperidade Biblica,20,28,15,0,19,
10/05/2026 18:39:28,10/05/2026,17:00:00,Culto,Culto de Celebração,Bispo Clodoilson ,Um Coração Rendido,SIM,40 dias de prosperidade Bíblica ,36,53,19,4,29,
10/05/2026 19:51:18,10/05/2026,19:00:00,Culto,Culto de Celebração,Bispo Clodoilson ,Um coração rendido para uma vida sem estresse ,SIM,40 dias de prosperidade bíblica ,19,23,15,3,23,
13/05/2026 19:51:33,13/05/2026,19:00:00,Culto,Culto de Quarta,Bispo Clodoilson,O milagre da restauração ,SIM,Campanha de curas e milagres ,27,45,15,6,25,
17/05/2026 10:54:50,17/05/2026,10:30:00,Culto,Outros,Bispo Clodoilson , Uma administração fiel e multiplicadora ,SIM,40 dias de prosperidade bíblica ,22,24,12,3,25,
17/05/2026 11:17:29,17/05/2026,10:30:00,Culto,Outros,Bispo Clodoilson ,Uma administração fiel e multiplicadora ,SIM,40 dias de prosperidade bíblica ,22,24,12,3,25,
17/05/2026 18:06:23,17/05/2026,17:00:00,Culto,Culto de Celebração,Bp Clodoilson,Uma Administração Fiel e Multiplicadora ,SIM,40 Dias de Prosperidade no Bíblica ,25,43,23,3,30,
17/05/2026 20:21:11,17/05/2026,19:00:00,Culto,Culto de Celebração,Bispo Clodoilson,Uma administração fiel e multiplicadora,SIM,40 dias de prosperidade bíblica,77,162,34,10,46,Retorno encontro das mulheres
20/05/2026 19:42:32,20/05/2026,19:00:00,Culto,Culto de Celebração,Pastora Ana Lúcia ,Jesus que cura,SIM,Campanha curas e milagres ,30,45,15,2,19,
24/05/2026 09:42:19,24/05/2026,08:30:00,Culto,Culto de Celebração,Pastora janister,Primeiro frutos e impactos da gratidão ,SIM,40 dias de prosperidade bíblica ,39,60,19,03,21,Entre adultos e baby kids e pastores 140
24/05/2026 11:47:26,24/05/2026,10:30:00,Culto,Culto de Celebração,Rafael,Os primeiros frutos e o impacto da gratidão ,SIM,40 dias de prosperidade Bíblica ,17,43,16,4,27,
24/05/2026 18:05:17,24/05/2026,17:00:00,Culto,Culto de Celebração,Pr Vagno,Os primeiros frutos e o impacto da gratidão ,SIM,40 dias de prosperidade bíblica ,28,68,23,1,25,
24/05/2026 20:04:28,24/05/2016,19:00:00,Culto,Culto de Celebração,Pr Carlos Canto,Os Primeiros Frutos e o Impacto da Gratidão ,SIM,40 Dias de Prosperidade Bíblica ,17,31,12,3,19,
27/05/2026 19:46:10,27/05/2026,19:00:00,Culto,Culto de Quarta,Bispo Clodoilson ,Seja protagonista do se milagre ,SIM,Campanha de curas e milagres,26,39,15,2,20,
31/05/2026 09:58:14,31/05/2026,08:30:00,Culto,Outros,Pastora Ana,Liberdade espiritual e famílias abençoadas,SIM,40 dias de prosperidade bíblica ,42,69,20,0,23,
31/05/2026 18:23:17,31/05/2026,17:00:00,Culto,Culto de Celebração,Pra.Ana Lúcia,Liberdade Espiritual e Familias Abencoadas,SIM,40 dias de Prosperidade Bíblica,38,56,22,4,27,Relevanteen :18 Voluntários :2
31/05/2026 22:51:11,31/05/2026,19:00:00,Culto,Culto de Celebração,Pastora Ana lucia ,Liberdade Espiritual e familia abençoada ,SIM,40 dias prosperidade bibica,26,41,11,03,20,Entre adultos e pastores baby e kids 108
03/06/2026 21:18:42,03/06/2026,19:00:00,Culto,Culto de Celebração,Bispo Clodoilson ,Por esta causa me coloco de joelhos,NÃO,,34,59,17,02,19,Entre adultos e pastores baby e kidis total de 131